{
	"mezz_Ilya_ArtifactPowerDiversionMadeAttackFail": "ilya",
	"mezz_Isa_ArtifactPowerDiversionMadeAttackFail": "isa",
	"mezz_Isa_ArtifactRecalibrator": "isa",
	
	"mezz_Isa_JustHit_0": "isa",
	"mezz_Isa_JustHit_1": "isa",
	"mezz_Isa_JustHit_2": "isa",
	"mezz_Isa_JustHit_3": "isa",
	"mezz_Isa_JustHit_Nola_0": "isa",
	"mezz_Isa_JustHit_Ilya_0": "isa",
	"mezz_Isa_JustHit_Books_0": "isa",
	"mezz_Isa_JustHit_Dizzy_0": "isa",
	"mezz_Isa_JustHit_Drake_0": "isa",
	"mezz_Isa_JustHit_Peri_0": "isa",
	"mezz_Isa_JustHit_Max_0": "isa",
	"mezz_Ilya_JustHit_0": "ilya",
	"mezz_Ilya_JustHit_1": "ilya",
	"mezz_Ilya_JustHit_2": "ilya",
	"mezz_Ilya_JustHit_Nola_0": "ilya",
	"mezz_Ilya_JustHit_Isa_0": "ilya",
	"mezz_Ilya_JustHit_Drake_0": "ilya",
	"mezz_Ilya_JustHit_Isaac_0": "ilya",
	"mezz_Ilya_JustHit_Peri_0": "ilya",
	"mezz_Ilya_JustHit_Riggs_0": "ilya",
	"mezz_Ilya_OverheatIlyaFix_0": "ilya",
	"mezz_Ilya_OverheatIlyaFix_1": "ilya",
	"mezz_Ilya_OverheatIlyaFix_2": "ilya",
	"mezz_Ilya_OverheatIlyaFix_3": "ilya",
	"mezz_Ilya_OverheatIlyaFix_4": "ilya",
	"mezz_Ilya_OverheatIlyaFix_5": "ilya",
	"mezz_Ilya_OverheatIlyaFix_Drake_0": "ilya",
	"mezz_Ilya_OverheatIlyaFix_Drake_1": "ilya",
	"mezz_Ilya_OverheatIlyaFix_Drake_2": "ilya",
	"mezz_Ilya_OverheatIlyaFix_Drake_3": "ilya",
	"mezz_Nola_OverheatIlyasFault_0": "ilya",
	"mezz_Isa_OverheatIlyasFault_0": "ilya",
	"mezz_Ilya_OverheatIlyasFault_Drake_0": "ilya",
	"mezz_Ilya_OverheatIlyasFault_Drake_1": "ilya",
	"mezz_Ilya_OverheatIlyasFault_Drake_2": "ilya",
	"mezz_Ilya_OverheatIlyasFault_0": "ilya",
	"mezz_Ilya_OverheatIlyasFault_1": "ilya",
	"mezz_Ilya_OverheatIlyasFault_2": "ilya",
	"mezz_Ilya_OverheatIlyasFault_3": "ilya",
	"mezz_Ilya_OverheatIlyasFault_4": "ilya",
	"mezz_Ilya_OverheatIlyasFault_5": "ilya",
	"mezz_Ilya_OverheatIlyasFault_6": "ilya",
	"mezz_Ilya_OverheatIlyasFault_7": "ilya",
	"mezz_Ilya_OverheatIlyasFault_8": "ilya",
	"mezz_Ilya_OverheatIlyasFault_9": "ilya",
	
}